concept,value,display_value,formatted_value,context_ref,unit_ref,decimals,scaling_factor,level,parent_concept,order,period_type,period_start,period_end,dimensions,sign,scale,format,is_nil,fact_id
ifrs-full_ProfitLoss,1229,1229000000,"1,229,000,000",c-1,u-1,-6,1000000,1,ifrs-full_StatementOfComprehensiveIncomeAbstract,1,instant,,,,,,,,f-57
ifrs-full_ProfitLoss,15880,15880000000,"15,880,000,000",c-2,u-1,-6,1000000,1,ifrs-full_StatementOfComprehensiveIncomeAbstract,1,instant,,,,,,,,f-58
ifrs-full_ProfitLoss,1357,1357000000,"1,357,000,000",c-3,u-1,-6,1000000,1,ifrs-full_StatementOfComprehensiveIncomeAbstract,1,instant,,,,,,,,f-59
ifrs-full_ProfitLoss,1229,1229000000,"1,229,000,000",c-1,u-1,-6,1000000,1,ifrs-full_StatementOfComprehensiveIncomeAbstract,1,instant,,,,,,,,f-66
ifrs-full_ProfitLoss,15880,15880000000,"15,880,000,000",c-2,u-1,-6,1000000,1,ifrs-full_StatementOfComprehensiveIncomeAbstract,1,instant,,,,,,,,f-67
ifrs-full_ProfitLoss,1357,1357000000,"1,357,000,000",c-3,u-1,-6,1000000,1,ifrs-full_StatementOfComprehensiveIncomeAbstract,1,instant,,,,,,,,f-68
ifrs-full_ProfitLoss,1229,1229000000,"1,229,000,000",c-1,u-1,-6,1000000,1,ifrs-full_StatementOfComprehensiveIncomeAbstract,1,instant,,,,,,,,f-81
ifrs-full_ProfitLoss,15880,15880000000,"15,880,000,000",c-2,u-1,-6,1000000,1,ifrs-full_StatementOfComprehensiveIncomeAbstract,1,instant,,,,,,,,f-82
ifrs-full_ProfitLoss,1357,1357000000,"1,357,000,000",c-3,u-1,-6,1000000,1,ifrs-full_StatementOfComprehensiveIncomeAbstract,1,instant,,,,,,,,f-83
ifrs-full_ProfitLoss,—,—,—,c-16,u-1,-6,1000000,1,ifrs-full_StatementOfComprehensiveIncomeAbstract,1,instant,,,,,,,,f-150
ifrs-full_ProfitLoss,—,—,—,c-17,u-1,-6,1000000,1,ifrs-full_StatementOfComprehensiveIncomeAbstract,1,instant,,,,,,,,f-151
ifrs-full_ProfitLoss,—,—,—,c-18,u-1,-6,1000000,1,ifrs-full_StatementOfComprehensiveIncomeAbstract,1,instant,,,,,,,,f-152
ifrs-full_ProfitLoss,—,—,—,c-19,u-1,-6,1000000,1,ifrs-full_StatementOfComprehensiveIncomeAbstract,1,instant,,,,,,,,f-153
ifrs-full_ProfitLoss,381,381000000,"381,000,000",c-20,u-1,-6,1000000,1,ifrs-full_StatementOfComprehensiveIncomeAbstract,1,instant,,,,,,,,f-154
ifrs-full_ProfitLoss,381,381000000,"381,000,000",c-21,u-1,-6,1000000,1,ifrs-full_StatementOfComprehensiveIncomeAbstract,1,instant,,,,,,,,f-155
ifrs-full_ProfitLoss,641,641000000,"641,000,000",c-22,u-1,-6,1000000,1,ifrs-full_StatementOfComprehensiveIncomeAbstract,1,instant,,,,,,,,f-156
ifrs-full_ProfitLoss,207,207000000,"207,000,000",c-23,u-1,-6,1000000,1,ifrs-full_StatementOfComprehensiveIncomeAbstract,1,instant,,,,,,,,f-157
ifrs-full_ProfitLoss,1229,1229000000,"1,229,000,000",c-1,u-1,-6,1000000,1,ifrs-full_StatementOfComprehensiveIncomeAbstract,1,instant,,,,,,,,f-158
ifrs-full_ProfitLoss,—,—,—,c-42,u-1,-6,1000000,1,ifrs-full_StatementOfComprehensiveIncomeAbstract,1,instant,,,,,,,,f-267
ifrs-full_ProfitLoss,—,—,—,c-43,u-1,-6,1000000,1,ifrs-full_StatementOfComprehensiveIncomeAbstract,1,instant,,,,,,,,f-268
ifrs-full_ProfitLoss,—,—,—,c-44,u-1,-6,1000000,1,ifrs-full_StatementOfComprehensiveIncomeAbstract,1,instant,,,,,,,,f-269
ifrs-full_ProfitLoss,—,—,—,c-45,u-1,-6,1000000,1,ifrs-full_StatementOfComprehensiveIncomeAbstract,1,instant,,,,,,,,f-270
ifrs-full_ProfitLoss,15239,15239000000,"15,239,000,000",c-46,u-1,-6,1000000,1,ifrs-full_StatementOfComprehensiveIncomeAbstract,1,instant,,,,,,,,f-271
ifrs-full_ProfitLoss,15239,15239000000,"15,239,000,000",c-47,u-1,-6,1000000,1,ifrs-full_StatementOfComprehensiveIncomeAbstract,1,instant,,,,,,,,f-272
ifrs-full_ProfitLoss,586,586000000,"586,000,000",c-48,u-1,-6,1000000,1,ifrs-full_StatementOfComprehensiveIncomeAbstract,1,instant,,,,,,,,f-273
ifrs-full_ProfitLoss,55,55000000,"55,000,000",c-49,u-1,-6,1000000,1,ifrs-full_StatementOfComprehensiveIncomeAbstract,1,instant,,,,,,,,f-274
ifrs-full_ProfitLoss,15880,15880000000,"15,880,000,000",c-2,u-1,-6,1000000,1,ifrs-full_StatementOfComprehensiveIncomeAbstract,1,instant,,,,,,,,f-275
ifrs-full_ProfitLoss,—,—,—,c-59,u-1,-6,1000000,1,ifrs-full_StatementOfComprehensiveIncomeAbstract,1,instant,,,,,,,,f-384
ifrs-full_ProfitLoss,—,—,—,c-60,u-1,-6,1000000,1,ifrs-full_StatementOfComprehensiveIncomeAbstract,1,instant,,,,,,,,f-385
ifrs-full_ProfitLoss,—,—,—,c-61,u-1,-6,1000000,1,ifrs-full_StatementOfComprehensiveIncomeAbstract,1,instant,,,,,,,,f-386
ifrs-full_ProfitLoss,—,—,—,c-62,u-1,-6,1000000,1,ifrs-full_StatementOfComprehensiveIncomeAbstract,1,instant,,,,,,,,f-387
ifrs-full_ProfitLoss,2487,2487000000,"2,487,000,000",c-63,u-1,-6,1000000,1,ifrs-full_StatementOfComprehensiveIncomeAbstract,1,instant,,,,,,,,f-388
ifrs-full_ProfitLoss,2487,2487000000,"2,487,000,000",c-64,u-1,-6,1000000,1,ifrs-full_StatementOfComprehensiveIncomeAbstract,1,instant,,,,,,,,f-389
ifrs-full_ProfitLoss,519,519000000,"519,000,000",c-65,u-1,-6,1000000,1,ifrs-full_StatementOfComprehensiveIncomeAbstract,1,instant,,,,,,,,f-390
ifrs-full_ProfitLoss,611,611000000,"611,000,000",c-66,u-1,-6,1000000,1,ifrs-full_StatementOfComprehensiveIncomeAbstract,1,instant,,,,,,,,f-391
ifrs-full_ProfitLoss,1357,1357000000,"1,357,000,000",c-3,u-1,-6,1000000,1,ifrs-full_StatementOfComprehensiveIncomeAbstract,1,instant,,,,,,,,f-392
ifrs-full_GainsLossesOnExchangeDifferencesOnTranslationBeforeTax,1292,1292000000,"1,292,000,000",c-1,u-1,-6,1000000,2,ifrs-full_ComponentsOfOtherComprehensiveIncomeThatWillBeReclassifiedToProfitOrLossBeforeTaxAbstract,1,instant,,,,,,,,f-84
ifrs-full_GainsLossesOnExchangeDifferencesOnTranslationBeforeTax,585,585000000,"585,000,000",c-2,u-1,-6,1000000,2,ifrs-full_ComponentsOfOtherComprehensiveIncomeThatWillBeReclassifiedToProfitOrLossBeforeTaxAbstract,1,instant,,,,,,,,f-85
ifrs-full_GainsLossesOnExchangeDifferencesOnTranslationBeforeTax,3786,3786000000,"3,786,000,000",c-3,u-1,-6,1000000,2,ifrs-full_ComponentsOfOtherComprehensiveIncomeThatWillBeReclassifiedToProfitOrLossBeforeTaxAbstract,1,instant,,,,,,,,f-86
ifrs-full_ReclassificationAdjustmentsOnExchangeDifferencesOnTranslationBeforeTax,1004,1004000000,"1,004,000,000",c-1,u-1,-6,1000000,2,ifrs-full_ComponentsOfOtherComprehensiveIncomeThatWillBeReclassifiedToProfitOrLossBeforeTaxAbstract,2,instant,,,,,,,,f-87
ifrs-full_ReclassificationAdjustmentsOnExchangeDifferencesOnTranslationBeforeTax,2,2000000,"2,000,000",c-2,u-1,-6,1000000,2,ifrs-full_ComponentsOfOtherComprehensiveIncomeThatWillBeReclassifiedToProfitOrLossBeforeTaxAbstract,2,instant,,,,,,,,f-88
ifrs-full_ReclassificationAdjustmentsOnExchangeDifferencesOnTranslationBeforeTax,10759,10759000000,"10,759,000,000",c-3,u-1,-6,1000000,2,ifrs-full_ComponentsOfOtherComprehensiveIncomeThatWillBeReclassifiedToProfitOrLossBeforeTaxAbstract,2,instant,,,,,,,,f-89
ifrs-full_GainsLossesOnCashFlowHedgesBeforeTax,155,155000000,"155,000,000",c-1,u-1,-6,1000000,2,ifrs-full_ComponentsOfOtherComprehensiveIncomeThatWillBeReclassifiedToProfitOrLossBeforeTaxAbstract,3,instant,,,,,,,,f-90
ifrs-full_GainsLossesOnCashFlowHedgesBeforeTax,1065,1065000000,"1,065,000,000",c-2,u-1,-6,1000000,2,ifrs-full_ComponentsOfOtherComprehensiveIncomeThatWillBeReclassifiedToProfitOrLossBeforeTaxAbstract,3,instant,,,,,,,,f-91
ifrs-full_GainsLossesOnCashFlowHedgesBeforeTax,825,825000000,"825,000,000",c-3,u-1,-6,1000000,2,ifrs-full_ComponentsOfOtherComprehensiveIncomeThatWillBeReclassifiedToProfitOrLossBeforeTaxAbstract,3,instant,,,,,,,,f-92
ifrs-full_ReclassificationAdjustmentsOnCashFlowHedgesBeforeTax,686,686000000,"686,000,000",c-1,u-1,-6,1000000,2,ifrs-full_ComponentsOfOtherComprehensiveIncomeThatWillBeReclassifiedToProfitOrLossBeforeTaxAbstract,4,instant,,,,,,,,f-93
ifrs-full_ReclassificationAdjustmentsOnCashFlowHedgesBeforeTax,428,428000000,"428,000,000",c-2,u-1,-6,1000000,2,ifrs-full_ComponentsOfOtherComprehensiveIncomeThatWillBeReclassifiedToProfitOrLossBeforeTaxAbstract,4,instant,,,,,,,,f-94
ifrs-full_ReclassificationAdjustmentsOnCashFlowHedgesBeforeTax,1502,1502000000,"1,502,000,000",c-3,u-1,-6,1000000,2,ifrs-full_ComponentsOfOtherComprehensiveIncomeThatWillBeReclassifiedToProfitOrLossBeforeTaxAbstract,4,instant,,,,,,,,f-95
ifrs-full_GainsLossesOnChangeInValueOfForeignCurrencyBasisSpreadsBeforeTax,2,2000000,"2,000,000",c-1,u-1,-6,1000000,2,ifrs-full_ComponentsOfOtherComprehensiveIncomeThatWillBeReclassifiedToProfitOrLossBeforeTaxAbstract,5,instant,,,,,,,,f-96
ifrs-full_GainsLossesOnChangeInValueOfForeignCurrencyBasisSpreadsBeforeTax,67,67000000,"67,000,000",c-2,u-1,-6,1000000,2,ifrs-full_ComponentsOfOtherComprehensiveIncomeThatWillBeReclassifiedToProfitOrLossBeforeTaxAbstract,5,instant,,,,,,,,f-97
ifrs-full_GainsLossesOnChangeInValueOfForeignCurrencyBasisSpreadsBeforeTax,61,61000000,"61,000,000",c-3,u-1,-6,1000000,2,ifrs-full_ComponentsOfOtherComprehensiveIncomeThatWillBeReclassifiedToProfitOrLossBeforeTaxAbstract,5,instant,,,,,,,,f-98
ifrs-full_ReclassificationAdjustmentsOnChangeInValueOfForeignCurrencyBasisSpreadsBeforeTax,2,2000000,"2,000,000",c-1,u-1,-6,1000000,2,ifrs-full_ComponentsOfOtherComprehensiveIncomeThatWillBeReclassifiedToProfitOrLossBeforeTaxAbstract,6,instant,,,,,,,,f-99
ifrs-full_ReclassificationAdjustmentsOnChangeInValueOfForeignCurrencyBasisSpreadsBeforeTax,11,11000000,"11,000,000",c-2,u-1,-6,1000000,2,ifrs-full_ComponentsOfOtherComprehensiveIncomeThatWillBeReclassifiedToProfitOrLossBeforeTaxAbstract,6,instant,,,,,,,,f-100
ifrs-full_ReclassificationAdjustmentsOnChangeInValueOfForeignCurrencyBasisSpreadsBeforeTax,25,25000000,"25,000,000",c-3,u-1,-6,1000000,2,ifrs-full_ComponentsOfOtherComprehensiveIncomeThatWillBeReclassifiedToProfitOrLossBeforeTaxAbstract,6,instant,,,,,,,,f-101
ifrs-full_ShareOfOtherComprehensiveIncomeOfAssociatesAndJointVenturesAccountedForUsingEquityMethodThatWillBeReclassifiedToProfitOrLossNetOfTax,12,12000000,"12,000,000",c-1,u-1,-6,1000000,2,ifrs-full_ComponentsOfOtherComprehensiveIncomeThatWillBeReclassifiedToProfitOrLossBeforeTaxAbstract,7,instant,,,,,,,,f-102
ifrs-full_ShareOfOtherComprehensiveIncomeOfAssociatesAndJointVenturesAccountedForUsingEquityMethodThatWillBeReclassifiedToProfitOrLossNetOfTax,192,192000000,"192,000,000",c-2,u-1,-6,1000000,2,ifrs-full_ComponentsOfOtherComprehensiveIncomeThatWillBeReclassifiedToProfitOrLossBeforeTaxAbstract,7,instant,,,,,,,,f-103
ifrs-full_ShareOfOtherComprehensiveIncomeOfAssociatesAndJointVenturesAccountedForUsingEquityMethodThatWillBeReclassifiedToProfitOrLossNetOfTax,402,402000000,"402,000,000",c-3,u-1,-6,1000000,2,ifrs-full_ComponentsOfOtherComprehensiveIncomeThatWillBeReclassifiedToProfitOrLossBeforeTaxAbstract,7,instant,,,,,,,,f-104
ifrs-full_IncomeTaxRelatingToComponentsOfOtherComprehensiveIncomeThatWillBeReclassifiedToProfitOrLoss,48,48000000,"48,000,000",c-1,u-1,-6,1000000,2,ifrs-full_ComponentsOfOtherComprehensiveIncomeThatWillBeReclassifiedToProfitOrLossBeforeTaxAbstract,8,instant,,,,,,,,f-105
ifrs-full_IncomeTaxRelatingToComponentsOfOtherComprehensiveIncomeThatWillBeReclassifiedToProfitOrLoss,10,10000000,"10,000,000",c-2,u-1,-6,1000000,2,ifrs-full_ComponentsOfOtherComprehensiveIncomeThatWillBeReclassifiedToProfitOrLossBeforeTaxAbstract,8,instant,,,,,,,,f-106
ifrs-full_IncomeTaxRelatingToComponentsOfOtherComprehensiveIncomeThatWillBeReclassifiedToProfitOrLoss,334,334000000,"334,000,000",c-3,u-1,-6,1000000,2,ifrs-full_ComponentsOfOtherComprehensiveIncomeThatWillBeReclassifiedToProfitOrLossBeforeTaxAbstract,8,instant,,,,,,,,f-107
ifrs-full_OtherComprehensiveIncomeThatWillBeReclassifiedToProfitOrLossNetOfTax,787,787000000,"787,000,000",c-1,u-1,-6,1000000,2,ifrs-full_ComponentsOfOtherComprehensiveIncomeThatWillBeReclassifiedToProfitOrLossBeforeTaxAbstract,9,instant,,,,,,,,f-108
ifrs-full_OtherComprehensiveIncomeThatWillBeReclassifiedToProfitOrLossNetOfTax,940,940000000,"940,000,000",c-2,u-1,-6,1000000,2,ifrs-full_ComponentsOfOtherComprehensiveIncomeThatWillBeReclassifiedToProfitOrLossBeforeTaxAbstract,9,instant,,,,,,,,f-109
ifrs-full_OtherComprehensiveIncomeThatWillBeReclassifiedToProfitOrLossNetOfTax,7804,7804000000,"7,804,000,000",c-3,u-1,-6,1000000,2,ifrs-full_ComponentsOfOtherComprehensiveIncomeThatWillBeReclassifiedToProfitOrLossBeforeTaxAbstract,9,instant,,,,,,,,f-110
ifrs-full_OtherComprehensiveIncomeBeforeTaxGainsLossesOnRemeasurementsOfDefinedBenefitPlans,360,360000000,"360,000,000",c-1,u-1,-6,1000000,2,ifrs-full_ComponentsOfOtherComprehensiveIncomeThatWillNotBeReclassifiedToProfitOrLossBeforeTaxAbstract,1,instant,,,,,,,,f-111
ifrs-full_OtherComprehensiveIncomeBeforeTaxGainsLossesOnRemeasurementsOfDefinedBenefitPlans,2262,2262000000,"2,262,000,000",c-2,u-1,-6,1000000,2,ifrs-full_ComponentsOfOtherComprehensiveIncomeThatWillNotBeReclassifiedToProfitOrLossBeforeTaxAbstract,1,instant,,,,,,,,f-112
ifrs-full_OtherComprehensiveIncomeBeforeTaxGainsLossesOnRemeasurementsOfDefinedBenefitPlans,340,340000000,"340,000,000",c-3,u-1,-6,1000000,2,ifrs-full_ComponentsOfOtherComprehensiveIncomeThatWillNotBeReclassifiedToProfitOrLossBeforeTaxAbstract,1,instant,,,,,,,,f-113
ifrs-full_OtherComprehensiveIncomeBeforeTaxGainsLossesFromInvestmentsInEquityInstruments,47,47000000,"47,000,000",c-1,u-1,-6,1000000,2,ifrs-full_ComponentsOfOtherComprehensiveIncomeThatWillNotBeReclassifiedToProfitOrLossBeforeTaxAbstract,2,instant,,,,,,,,f-114
ifrs-full_OtherComprehensiveIncomeBeforeTaxGainsLossesFromInvestmentsInEquityInstruments,51,51000000,"51,000,000",c-2,u-1,-6,1000000,2,ifrs-full_ComponentsOfOtherComprehensiveIncomeThatWillNotBeReclassifiedToProfitOrLossBeforeTaxAbstract,2,instant,,,,,,,,f-115
ifrs-full_OtherComprehensiveIncomeBeforeTaxGainsLossesFromInvestmentsInEquityInstruments,—,—,—,c-3,u-1,-6,1000000,2,ifrs-full_ComponentsOfOtherComprehensiveIncomeThatWillNotBeReclassifiedToProfitOrLossBeforeTaxAbstract,2,instant,,,,,,,,f-116
ifrs-full_OtherComprehensiveIncomeBeforeTaxCashFlowHedges,1,1000000,"1,000,000",c-1,u-1,-6,1000000,2,ifrs-full_ComponentsOfOtherComprehensiveIncomeThatWillNotBeReclassifiedToProfitOrLossBeforeTaxAbstract,3,instant,,,,,,,,f-117
ifrs-full_OtherComprehensiveIncomeBeforeTaxCashFlowHedges,15,15000000,"15,000,000",c-2,u-1,-6,1000000,2,ifrs-full_ComponentsOfOtherComprehensiveIncomeThatWillNotBeReclassifiedToProfitOrLossBeforeTaxAbstract,3,instant,,,,,,,,f-118
ifrs-full_OtherComprehensiveIncomeBeforeTaxCashFlowHedges,4,4000000,"4,000,000",c-3,u-1,-6,1000000,2,ifrs-full_ComponentsOfOtherComprehensiveIncomeThatWillNotBeReclassifiedToProfitOrLossBeforeTaxAbstract,3,instant,,,,,,,,f-119
ifrs-full_IncomeTaxRelatingToComponentsOfOtherComprehensiveIncomeThatWillNotBeReclassifiedToProfitOrLoss,734,734000000,"734,000,000",c-1,u-1,-6,1000000,2,ifrs-full_ComponentsOfOtherComprehensiveIncomeThatWillNotBeReclassifiedToProfitOrLossBeforeTaxAbstract,4,instant,,,,,,,,f-120
ifrs-full_IncomeTaxRelatingToComponentsOfOtherComprehensiveIncomeThatWillNotBeReclassifiedToProfitOrLoss,745,745000000,"745,000,000",c-2,u-1,-6,1000000,2,ifrs-full_ComponentsOfOtherComprehensiveIncomeThatWillNotBeReclassifiedToProfitOrLossBeforeTaxAbstract,4,instant,,,,,,,,f-121
ifrs-full_IncomeTaxRelatingToComponentsOfOtherComprehensiveIncomeThatWillNotBeReclassifiedToProfitOrLoss,68,68000000,"68,000,000",c-3,u-1,-6,1000000,2,ifrs-full_ComponentsOfOtherComprehensiveIncomeThatWillNotBeReclassifiedToProfitOrLossBeforeTaxAbstract,4,instant,,,,,,,,f-122
ifrs-full_OtherComprehensiveIncomeThatWillNotBeReclassifiedToProfitOrLossNetOfTax,326,326000000,"326,000,000",c-1,u-1,-6,1000000,2,ifrs-full_ComponentsOfOtherComprehensiveIncomeThatWillNotBeReclassifiedToProfitOrLossBeforeTaxAbstract,5,instant,,,,,,,,f-123
ifrs-full_OtherComprehensiveIncomeThatWillNotBeReclassifiedToProfitOrLossNetOfTax,1451,1451000000,"1,451,000,000",c-2,u-1,-6,1000000,2,ifrs-full_ComponentsOfOtherComprehensiveIncomeThatWillNotBeReclassifiedToProfitOrLossBeforeTaxAbstract,5,instant,,,,,,,,f-124
ifrs-full_OtherComprehensiveIncomeThatWillNotBeReclassifiedToProfitOrLossNetOfTax,404,404000000,"404,000,000",c-3,u-1,-6,1000000,2,ifrs-full_ComponentsOfOtherComprehensiveIncomeThatWillNotBeReclassifiedToProfitOrLossBeforeTaxAbstract,5,instant,,,,,,,,f-125
ifrs-full_OtherComprehensiveIncome,461,461000000,"461,000,000",c-1,u-1,-6,1000000,1,ifrs-full_StatementOfComprehensiveIncomeAbstract,4,instant,,,,,,,,f-126
ifrs-full_OtherComprehensiveIncome,511,511000000,"511,000,000",c-2,u-1,-6,1000000,1,ifrs-full_StatementOfComprehensiveIncomeAbstract,4,instant,,,,,,,,f-127
ifrs-full_OtherComprehensiveIncome,8208,8208000000,"8,208,000,000",c-3,u-1,-6,1000000,1,ifrs-full_StatementOfComprehensiveIncomeAbstract,4,instant,,,,,,,,f-128
ifrs-full_OtherComprehensiveIncome,—,—,—,c-16,u-1,-6,1000000,1,ifrs-full_StatementOfComprehensiveIncomeAbstract,4,instant,,,,,,,,f-159
ifrs-full_OtherComprehensiveIncome,—,—,—,c-17,u-1,-6,1000000,1,ifrs-full_StatementOfComprehensiveIncomeAbstract,4,instant,,,,,,,,f-160
ifrs-full_OtherComprehensiveIncome,276,276000000,"276,000,000",c-18,u-1,-6,1000000,1,ifrs-full_StatementOfComprehensiveIncomeAbstract,4,instant,,,,,,,,f-161
ifrs-full_OtherComprehensiveIncome,452,452000000,"452,000,000",c-19,u-1,-6,1000000,1,ifrs-full_StatementOfComprehensiveIncomeAbstract,4,instant,,,,,,,,f-162
ifrs-full_OtherComprehensiveIncome,354,354000000,"354,000,000",c-20,u-1,-6,1000000,1,ifrs-full_StatementOfComprehensiveIncomeAbstract,4,instant,,,,,,,,f-163
ifrs-full_OtherComprehensiveIncome,374,374000000,"374,000,000",c-21,u-1,-6,1000000,1,ifrs-full_StatementOfComprehensiveIncomeAbstract,4,instant,,,,,,,,f-164
ifrs-full_OtherComprehensiveIncome,—,—,—,c-22,u-1,-6,1000000,1,ifrs-full_StatementOfComprehensiveIncomeAbstract,4,instant,,,,,,,,f-165
ifrs-full_OtherComprehensiveIncome,87,87000000,"87,000,000",c-23,u-1,-6,1000000,1,ifrs-full_StatementOfComprehensiveIncomeAbstract,4,instant,,,,,,,,f-166
ifrs-full_OtherComprehensiveIncome,461,461000000,"461,000,000",c-1,u-1,-6,1000000,1,ifrs-full_StatementOfComprehensiveIncomeAbstract,4,instant,,,,,,,,f-167
ifrs-full_OtherComprehensiveIncome,—,—,—,c-42,u-1,-6,1000000,1,ifrs-full_StatementOfComprehensiveIncomeAbstract,4,instant,,,,,,,,f-276
ifrs-full_OtherComprehensiveIncome,—,—,—,c-43,u-1,-6,1000000,1,ifrs-full_StatementOfComprehensiveIncomeAbstract,4,instant,,,,,,,,f-277
ifrs-full_OtherComprehensiveIncome,728,728000000,"728,000,000",c-44,u-1,-6,1000000,1,ifrs-full_StatementOfComprehensiveIncomeAbstract,4,instant,,,,,,,,f-278
ifrs-full_OtherComprehensiveIncome,431,431000000,"431,000,000",c-45,u-1,-6,1000000,1,ifrs-full_StatementOfComprehensiveIncomeAbstract,4,instant,,,,,,,,f-279
ifrs-full_OtherComprehensiveIncome,1696,1696000000,"1,696,000,000",c-46,u-1,-6,1000000,1,ifrs-full_StatementOfComprehensiveIncomeAbstract,4,instant,,,,,,,,f-280
ifrs-full_OtherComprehensiveIncome,537,537000000,"537,000,000",c-47,u-1,-6,1000000,1,ifrs-full_StatementOfComprehensiveIncomeAbstract,4,instant,,,,,,,,f-281
ifrs-full_OtherComprehensiveIncome,—,—,—,c-48,u-1,-6,1000000,1,ifrs-full_StatementOfComprehensiveIncomeAbstract,4,instant,,,,,,,,f-282
ifrs-full_OtherComprehensiveIncome,26,26000000,"26,000,000",c-49,u-1,-6,1000000,1,ifrs-full_StatementOfComprehensiveIncomeAbstract,4,instant,,,,,,,,f-283
ifrs-full_OtherComprehensiveIncome,511,511000000,"511,000,000",c-2,u-1,-6,1000000,1,ifrs-full_StatementOfComprehensiveIncomeAbstract,4,instant,,,,,,,,f-284
ifrs-full_OtherComprehensiveIncome,—,—,—,c-59,u-1,-6,1000000,1,ifrs-full_StatementOfComprehensiveIncomeAbstract,4,instant,,,,,,,,f-393
ifrs-full_OtherComprehensiveIncome,—,—,—,c-60,u-1,-6,1000000,1,ifrs-full_StatementOfComprehensiveIncomeAbstract,4,instant,,,,,,,,f-394
ifrs-full_OtherComprehensiveIncome,6914,6914000000,"6,914,000,000",c-61,u-1,-6,1000000,1,ifrs-full_StatementOfComprehensiveIncomeAbstract,4,instant,,,,,,,,f-395
ifrs-full_OtherComprehensiveIncome,770,770000000,"770,000,000",c-62,u-1,-6,1000000,1,ifrs-full_StatementOfComprehensiveIncomeAbstract,4,instant,,,,,,,,f-396
ifrs-full_OtherComprehensiveIncome,585,585000000,"585,000,000",c-63,u-1,-6,1000000,1,ifrs-full_StatementOfComprehensiveIncomeAbstract,4,instant,,,,,,,,f-397
ifrs-full_OtherComprehensiveIncome,8269,8269000000,"8,269,000,000",c-64,u-1,-6,1000000,1,ifrs-full_StatementOfComprehensiveIncomeAbstract,4,instant,,,,,,,,f-398
ifrs-full_OtherComprehensiveIncome,—,—,—,c-65,u-1,-6,1000000,1,ifrs-full_StatementOfComprehensiveIncomeAbstract,4,instant,,,,,,,,f-399
ifrs-full_OtherComprehensiveIncome,61,61000000,"61,000,000",c-66,u-1,-6,1000000,1,ifrs-full_StatementOfComprehensiveIncomeAbstract,4,instant,,,,,,,,f-400
ifrs-full_OtherComprehensiveIncome,8208,8208000000,"8,208,000,000",c-3,u-1,-6,1000000,1,ifrs-full_StatementOfComprehensiveIncomeAbstract,4,instant,,,,,,,,f-401
ifrs-full_ComprehensiveIncome,768,768000000,"768,000,000",c-1,u-1,-6,1000000,1,ifrs-full_StatementOfComprehensiveIncomeAbstract,5,instant,,,,,,,,f-129
ifrs-full_ComprehensiveIncome,15369,15369000000,"15,369,000,000",c-2,u-1,-6,1000000,1,ifrs-full_StatementOfComprehensiveIncomeAbstract,5,instant,,,,,,,,f-130
ifrs-full_ComprehensiveIncome,6851,6851000000,"6,851,000,000",c-3,u-1,-6,1000000,1,ifrs-full_StatementOfComprehensiveIncomeAbstract,5,instant,,,,,,,,f-131
ifrs-full_ComprehensiveIncome,768,768000000,"768,000,000",c-1,u-1,-6,1000000,1,ifrs-full_StatementOfComprehensiveIncomeAbstract,5,instant,,,,,,,,f-138
ifrs-full_ComprehensiveIncome,15369,15369000000,"15,369,000,000",c-2,u-1,-6,1000000,1,ifrs-full_StatementOfComprehensiveIncomeAbstract,5,instant,,,,,,,,f-139
ifrs-full_ComprehensiveIncome,6851,6851000000,"6,851,000,000",c-3,u-1,-6,1000000,1,ifrs-full_StatementOfComprehensiveIncomeAbstract,5,instant,,,,,,,,f-140
ifrs-full_ComprehensiveIncome,—,—,—,c-16,u-1,-6,1000000,1,ifrs-full_StatementOfComprehensiveIncomeAbstract,5,instant,,,,,,,,f-168
ifrs-full_ComprehensiveIncome,—,—,—,c-17,u-1,-6,1000000,1,ifrs-full_StatementOfComprehensiveIncomeAbstract,5,instant,,,,,,,,f-169
ifrs-full_ComprehensiveIncome,276,276000000,"276,000,000",c-18,u-1,-6,1000000,1,ifrs-full_StatementOfComprehensiveIncomeAbstract,5,instant,,,,,,,,f-170
ifrs-full_ComprehensiveIncome,452,452000000,"452,000,000",c-19,u-1,-6,1000000,1,ifrs-full_StatementOfComprehensiveIncomeAbstract,5,instant,,,,,,,,f-171
ifrs-full_ComprehensiveIncome,735,735000000,"735,000,000",c-20,u-1,-6,1000000,1,ifrs-full_StatementOfComprehensiveIncomeAbstract,5,instant,,,,,,,,f-172
ifrs-full_ComprehensiveIncome,7,7000000,"7,000,000",c-21,u-1,-6,1000000,1,ifrs-full_StatementOfComprehensiveIncomeAbstract,5,instant,,,,,,,,f-173
ifrs-full_ComprehensiveIncome,641,641000000,"641,000,000",c-22,u-1,-6,1000000,1,ifrs-full_StatementOfComprehensiveIncomeAbstract,5,instant,,,,,,,,f-174
ifrs-full_ComprehensiveIncome,120,120000000,"120,000,000",c-23,u-1,-6,1000000,1,ifrs-full_StatementOfComprehensiveIncomeAbstract,5,instant,,,,,,,,f-175
ifrs-full_ComprehensiveIncome,768,768000000,"768,000,000",c-1,u-1,-6,1000000,1,ifrs-full_StatementOfComprehensiveIncomeAbstract,5,instant,,,,,,,,f-176
ifrs-full_ComprehensiveIncome,—,—,—,c-42,u-1,-6,1000000,1,ifrs-full_StatementOfComprehensiveIncomeAbstract,5,instant,,,,,,,,f-285
ifrs-full_ComprehensiveIncome,—,—,—,c-43,u-1,-6,1000000,1,ifrs-full_StatementOfComprehensiveIncomeAbstract,5,instant,,,,,,,,f-286
ifrs-full_ComprehensiveIncome,728,728000000,"728,000,000",c-44,u-1,-6,1000000,1,ifrs-full_StatementOfComprehensiveIncomeAbstract,5,instant,,,,,,,,f-287
ifrs-full_ComprehensiveIncome,431,431000000,"431,000,000",c-45,u-1,-6,1000000,1,ifrs-full_StatementOfComprehensiveIncomeAbstract,5,instant,,,,,,,,f-288
ifrs-full_ComprehensiveIncome,13543,13543000000,"13,543,000,000",c-46,u-1,-6,1000000,1,ifrs-full_StatementOfComprehensiveIncomeAbstract,5,instant,,,,,,,,f-289
ifrs-full_ComprehensiveIncome,14702,14702000000,"14,702,000,000",c-47,u-1,-6,1000000,1,ifrs-full_StatementOfComprehensiveIncomeAbstract,5,instant,,,,,,,,f-290
ifrs-full_ComprehensiveIncome,586,586000000,"586,000,000",c-48,u-1,-6,1000000,1,ifrs-full_StatementOfComprehensiveIncomeAbstract,5,instant,,,,,,,,f-291
ifrs-full_ComprehensiveIncome,81,81000000,"81,000,000",c-49,u-1,-6,1000000,1,ifrs-full_StatementOfComprehensiveIncomeAbstract,5,instant,,,,,,,,f-292
ifrs-full_ComprehensiveIncome,15369,15369000000,"15,369,000,000",c-2,u-1,-6,1000000,1,ifrs-full_StatementOfComprehensiveIncomeAbstract,5,instant,,,,,,,,f-293
ifrs-full_ComprehensiveIncome,—,—,—,c-59,u-1,-6,1000000,1,ifrs-full_StatementOfComprehensiveIncomeAbstract,5,instant,,,,,,,,f-402
ifrs-full_ComprehensiveIncome,—,—,—,c-60,u-1,-6,1000000,1,ifrs-full_StatementOfComprehensiveIncomeAbstract,5,instant,,,,,,,,f-403
ifrs-full_ComprehensiveIncome,6914,6914000000,"6,914,000,000",c-61,u-1,-6,1000000,1,ifrs-full_StatementOfComprehensiveIncomeAbstract,5,instant,,,,,,,,f-404
ifrs-full_ComprehensiveIncome,770,770000000,"770,000,000",c-62,u-1,-6,1000000,1,ifrs-full_StatementOfComprehensiveIncomeAbstract,5,instant,,,,,,,,f-405
ifrs-full_ComprehensiveIncome,1902,1902000000,"1,902,000,000",c-63,u-1,-6,1000000,1,ifrs-full_StatementOfComprehensiveIncomeAbstract,5,instant,,,,,,,,f-406
ifrs-full_ComprehensiveIncome,5782,5782000000,"5,782,000,000",c-64,u-1,-6,1000000,1,ifrs-full_StatementOfComprehensiveIncomeAbstract,5,instant,,,,,,,,f-407
ifrs-full_ComprehensiveIncome,519,519000000,"519,000,000",c-65,u-1,-6,1000000,1,ifrs-full_StatementOfComprehensiveIncomeAbstract,5,instant,,,,,,,,f-408
ifrs-full_ComprehensiveIncome,550,550000000,"550,000,000",c-66,u-1,-6,1000000,1,ifrs-full_StatementOfComprehensiveIncomeAbstract,5,instant,,,,,,,,f-409
ifrs-full_ComprehensiveIncome,6851,6851000000,"6,851,000,000",c-3,u-1,-6,1000000,1,ifrs-full_StatementOfComprehensiveIncomeAbstract,5,instant,,,,,,,,f-410
ifrs-full_ComprehensiveIncomeAttributableToOwnersOfParent,7,7000000,"7,000,000",c-1,u-1,-6,1000000,1,ifrs-full_StatementOfComprehensiveIncomeAbstract,6,instant,,,,,,,,f-132
ifrs-full_ComprehensiveIncomeAttributableToOwnersOfParent,14702,14702000000,"14,702,000,000",c-2,u-1,-6,1000000,1,ifrs-full_StatementOfComprehensiveIncomeAbstract,6,instant,,,,,,,,f-133
ifrs-full_ComprehensiveIncomeAttributableToOwnersOfParent,5782,5782000000,"5,782,000,000",c-3,u-1,-6,1000000,1,ifrs-full_StatementOfComprehensiveIncomeAbstract,6,instant,,,,,,,,f-134
ifrs-full_ComprehensiveIncomeAttributableToNoncontrollingInterests,761,761000000,"761,000,000",c-1,u-1,-6,1000000,1,ifrs-full_StatementOfComprehensiveIncomeAbstract,7,instant,,,,,,,,f-135
ifrs-full_ComprehensiveIncomeAttributableToNoncontrollingInterests,667,667000000,"667,000,000",c-2,u-1,-6,1000000,1,ifrs-full_StatementOfComprehensiveIncomeAbstract,7,instant,,,,,,,,f-136
ifrs-full_ComprehensiveIncomeAttributableToNoncontrollingInterests,1069,1069000000,"1,069,000,000",c-3,u-1,-6,1000000,1,ifrs-full_StatementOfComprehensiveIncomeAbstract,7,instant,,,,,,,,f-137
